#bts	b ee t ee e s 
#bts	b ee t e e s 
#bts	b ii t ii e s 
#bts	b ii t ee e s 
#joji	d zh o u d zh ii 
#joji	zh o u zh ii 
#kygo	k uue g oo 
#avicii	a v ii t s i ii 
#avicii	a v ii t sh ii 
#tiësto	t i e sh t oo 
#tove	t oo v ax 
#lo	l oo 
#frédéric	f xr d r i k 
#chopin	k o p ii n 
#frédéric	f r e d e r i k 
#chopin	k o p ii n 
#frédéric	f xr e d e r i k 
#chopin	k o p ii n 
#frédéric	f xr d r i k 
#chopin	sh a p i n 
#frédéric	f r e d e r i k 
#chopin	sh a p i n 
#frédéric	f xr e d e r i k 
#chopin	sh a p i n 
#frédéric	f xr d r i k 
#chopin	t sh aa p i n 
#frédéric	f r e d e r i k 
#chopin	t sh aa p i n 
#frédéric	f xr e d e r i k 
#chopin	t sh aa p i n 
#frédéric	f xr d r i k 
#chopin	sh oo uu p a n 
#frédéric	f r e d e r i k 
#chopin	sh oo uu p a n 
#frédéric	f xr e d e r i k 
#chopin	sh oo uu p a n 
#frédéric	f xr d r i k 
#chopin	t sh o u p a n 
#frédéric	f r e d e r i k 
#chopin	t sh o u p a n 
#frédéric	f xr e d e r i k 
#chopin	t sh o u p a n 
#frédéric	f xr d r i k 
#chopin	sh oo uu p e n 
#frédéric	f r e d e r i k 
#chopin	sh oo uu p e n 
#frédéric	f xr e d e r i k 
#chopin	sh oo uu p e n 
#frédéric	f xr d r i k 
#chopin	t sh oo uu p a n 
#frédéric	f r e d e r i k 
#chopin	t sh oo uu p a n 
#frédéric	f xr e d e r i k 
#chopin	t sh oo uu p a n 
#frédéric	f xr d r i k 
#chopin	sh o u p a n 
#frédéric	f r e d e r i k 
#chopin	sh o u p a n 
#frédéric	f xr e d e r i k 
#chopin	sh o u p a n 
#frédéric	f xr d r i k 
#chopin	t sh o uu p a n 
#frédéric	f r e d e r i k 
#chopin	t sh o uu p a n 
#frédéric	f xr e d e r i k 
#chopin	t sh o uu p a n 
#frédéric	f xr d r i k 
#chopin	sh o u p e n 
#frédéric	f r e d e r i k 
#chopin	sh o u p e n 
#frédéric	f xr e d e r i k 
#chopin	sh o u p e n 
#frédéric	f xr d r i k 
#chopin	sh o uu p a n 
#frédéric	f r e d e r i k 
#chopin	sh o uu p a n 
#frédéric	f xr e d e r i k 
#chopin	sh o uu p a n 
#frédéric	f xr d r i k 
#chopin	sh o uu p e n 
#frédéric	f r e d e r i k 
#chopin	sh o uu p e n 
#frédéric	f xr e d e r i k 
#chopin	sh o uu p e n 
#frédéric	f xr d r i k 
#chopin	sh o p an 
#frédéric	f r e d e r i k 
#chopin	sh o p an 
#frédéric	f xr e d e r i k 
#chopin	sh o p an 
#frédéric	f xr d r i k 
#chopin	sh o p on 
#frédéric	f r e d e r i k 
#chopin	sh o p on 
#frédéric	f xr e d e r i k 
#chopin	sh o p on 
#frédéric	f xr d r i k 
#chopin	sh o p en 
#frédéric	f r e d e r i k 
#chopin	sh o p en 
#frédéric	f xr e d e r i k 
#chopin	sh o p en 
#victoria	v i k t oo r ii aa 
#monét	m o n t 
#exo	e k s oo 
#exo	e hx oo 
#exo	e k s oo u 
#exo	e k s o u 
#mø	m 
#matoma	m aa t oo m aa 
#notd	n oo t t 
#armin	a xr m ii n 
#van	f a n 
#buuren	b u uu r ax n 
#armin	aa m ii n 
#van	f a n 
#buuren	b u uu r ax n 
#armin	a m ii n 
#van	f a n 
#buuren	b u uu r ax n 
#armin	aa xr m ii n 
#van	f a n 
#buuren	b u uu r ax n 
#armin	a xr m ii n 
#van	v a n 
#buuren	b u uu r ax n 
#armin	aa m ii n 
#van	v a n 
#buuren	b u uu r ax n 
#armin	a m ii n 
#van	v a n 
#buuren	b u uu r ax n 
#armin	aa xr m ii n 
#van	v a n 
#buuren	b u uu r ax n 
#armin	a xr m ii n 
#van	v ax n 
#buuren	b u uu r ax n 
#armin	aa m ii n 
#van	v ax n 
#buuren	b u uu r ax n 
#armin	a m ii n 
#van	v ax n 
#buuren	b u uu r ax n 
#armin	aa xr m ii n 
#van	v ax n 
#buuren	b u uu r ax n 
#armin	a xr m ii n 
#van	v e n 
#buuren	b u uu r ax n 
#armin	aa m ii n 
#van	v e n 
#buuren	b u uu r ax n 
#armin	a m ii n 
#van	v e n 
#buuren	b u uu r ax n 
#armin	aa xr m ii n 
#van	v e n 
#buuren	b u uu r ax n 
#armin	a xr m ii n 
#van	f a n 
#buuren	b uu r ax n 
#armin	aa m ii n 
#van	f a n 
#buuren	b uu r ax n 
#armin	a m ii n 
#van	f a n 
#buuren	b uu r ax n 
#armin	aa xr m ii n 
#van	f a n 
#buuren	b uu r ax n 
#armin	a xr m ii n 
#van	v a n 
#buuren	b uu r ax n 
#armin	aa m ii n 
#van	v a n 
#buuren	b uu r ax n 
#armin	a m ii n 
#van	v a n 
#buuren	b uu r ax n 
#armin	aa xr m ii n 
#van	v a n 
#buuren	b uu r ax n 
#armin	a xr m ii n 
#van	v ax n 
#buuren	b uu r ax n 
#armin	aa m ii n 
#van	v ax n 
#buuren	b uu r ax n 
#armin	a m ii n 
#van	v ax n 
#buuren	b uu r ax n 
#armin	aa xr m ii n 
#van	v ax n 
#buuren	b uu r ax n 
#armin	a xr m ii n 
#van	v e n 
#buuren	b uu r ax n 
#armin	aa m ii n 
#van	v e n 
#buuren	b uu r ax n 
#armin	a m ii n 
#van	v e n 
#buuren	b uu r ax n 
#armin	aa xr m ii n 
#van	v e n 
#buuren	b uu r ax n 
#céline	k l ii n ax 
#dion	d ii o n 
#céline	s e l ii n 
#dion	d ii o n 
#céline	z e l ii n 
#dion	d ii o n 
#céline	z ee l ii n 
#dion	d ii o n 
#céline	s ee l ii n 
#dion	d ii o n 
#céline	k l ii n ax 
#dion	d aa ii ax n 
#céline	s e l ii n 
#dion	d aa ii ax n 
#céline	z e l ii n 
#dion	d aa ii ax n 
#céline	z ee l ii n 
#dion	d aa ii ax n 
#céline	s ee l ii n 
#dion	d aa ii ax n 
#céline	k l ii n ax 
#dion	d a i ax n 
#céline	s e l ii n 
#dion	d a i ax n 
#céline	z e l ii n 
#dion	d a i ax n 
#céline	z ee l ii n 
#dion	d a i ax n 
#céline	s ee l ii n 
#dion	d a i ax n 
#céline	k l ii n ax 
#dion	d a ii ax n 
#céline	s e l ii n 
#dion	d a ii ax n 
#céline	z e l ii n 
#dion	d a ii ax n 
#céline	z ee l ii n 
#dion	d a ii ax n 
#céline	s ee l ii n 
#dion	d a ii ax n 
#céline	k l ii n ax 
#dion	d ay ax n 
#céline	s e l ii n 
#dion	d ay ax n 
#céline	z e l ii n 
#dion	d ay ax n 
#céline	z ee l ii n 
#dion	d ay ax n 
#céline	s ee l ii n 
#dion	d ay ax n 
#céline	k l ii n ax 
#dion	d ii aa n 
#céline	s e l ii n 
#dion	d ii aa n 
#céline	z e l ii n 
#dion	d ii aa n 
#céline	z ee l ii n 
#dion	d ii aa n 
#céline	s ee l ii n 
#dion	d ii aa n 
#céline	k l ii n ax 
#dion	d ii a n 
#céline	s e l ii n 
#dion	d ii a n 
#céline	z e l ii n 
#dion	d ii a n 
#céline	z ee l ii n 
#dion	d ii a n 
#céline	s ee l ii n 
#dion	d ii a n 
#céline	k l ii n ax 
#dion	d ii oo n 
#céline	s e l ii n 
#dion	d ii oo n 
#céline	z e l ii n 
#dion	d ii oo n 
#céline	z ee l ii n 
#dion	d ii oo n 
#céline	s ee l ii n 
#dion	d ii oo n 
#ludovico	l uu d oo v ii k oo 
#einaudi	ay n aw d ii 
#martin	m a r t en 
#jensen	j e n z ax n 
#martin	m a r t i n 
#jensen	j e n z ax n 
#martin	m a r t j i n 
#jensen	j e n z ax n 
#martin	m a xr t i n 
#jensen	j e n z ax n 
#martin	m a xr t ii n 
#jensen	j e n z ax n 
#martin	m aa t i n 
#jensen	j e n z ax n 
#martin	m aa r t ii n 
#jensen	j e n z ax n 
#martin	m a r t ii n 
#jensen	j e n z ax n 
#martin	m aa r t i n 
#jensen	j e n z ax n 
#martin	m a r t en 
#jensen	zh e n s ax n 
#martin	m a r t i n 
#jensen	zh e n s ax n 
#martin	m a r t j i n 
#jensen	zh e n s ax n 
#martin	m a xr t i n 
#jensen	zh e n s ax n 
#martin	m a xr t ii n 
#jensen	zh e n s ax n 
#martin	m aa t i n 
#jensen	zh e n s ax n 
#martin	m aa r t ii n 
#jensen	zh e n s ax n 
#martin	m a r t ii n 
#jensen	zh e n s ax n 
#martin	m aa r t i n 
#jensen	zh e n s ax n 
#san	z aa n 
#holo	hh oo l oo 
#san	s a n 
#holo	hh oo l oo 
#san	s ax n 
#holo	hh oo l oo 
#san	s e n 
#holo	hh oo l oo 
#san	z a n 
#holo	hh oo l oo 
#aulii	aw l ii ii 
#cravalho	k r a v a l j oo 
#boy	b oy 
#pablo	p a b l o 
#boy	b oo ii 
#pablo	p a b l o 
#boy	b o i 
#pablo	p a b l o 
#boy	b o ii 
#pablo	p a b l o 
#boy	b oy 
#pablo	p aa b l oo 
#boy	b oo ii 
#pablo	p aa b l oo 
#boy	b o i 
#pablo	p aa b l oo 
#boy	b o ii 
#pablo	p aa b l oo 
#boy	b oy 
#pablo	p a b l oo 
#boy	b oo ii 
#pablo	p a b l oo 
#boy	b o i 
#pablo	p a b l oo 
#boy	b o ii 
#pablo	p a b l oo 
#fkj	e f k a j o t 
#jsan	j s aa n 
#m	e m 
#drei	d r ay 
#und	u n t 
#achtzig	a hx t s i hc 
#m	m 
#drei	d r ay 
#und	u n t 
#achtzig	a hx t s i hc 
#m	m i 
#drei	d r ay 
#und	u n t 
#achtzig	a hx t s i hc 
#m	e m 
#drei	d r ay 
#und	u n 
#achtzig	a hx t s i hc 
#m	m 
#drei	d r ay 
#und	u n 
#achtzig	a hx t s i hc 
#m	m i 
#drei	d r ay 
#und	u n 
#achtzig	a hx t s i hc 
#m	e m 
#drei	d r ay 
#und	n t 
#achtzig	a hx t s i hc 
#m	m 
#drei	d r ay 
#und	n t 
#achtzig	a hx t s i hc 
#m	m i 
#drei	d r ay 
#und	n t 
#achtzig	a hx t s i hc 
#m	e m 
#drei	d r ay 
#und	ax n 
#achtzig	a hx t s i hc 
#m	m 
#drei	d r ay 
#und	ax n 
#achtzig	a hx t s i hc 
#m	m i 
#drei	d r ay 
#und	ax n 
#achtzig	a hx t s i hc 
#m	e m 
#drei	d r ay 
#und	ax n t 
#achtzig	a hx t s i hc 
#m	m 
#drei	d r ay 
#und	ax n t 
#achtzig	a hx t s i hc 
#m	m i 
#drei	d r ay 
#und	ax n t 
#achtzig	a hx t s i hc 
#m	e m 
#drei	d r ay 
#und	u n t 
#achtzig	a hx t s i k 
#m	m 
#drei	d r ay 
#und	u n t 
#achtzig	a hx t s i k 
#m	m i 
#drei	d r ay 
#und	u n t 
#achtzig	a hx t s i k 
#m	e m 
#drei	d r ay 
#und	u n 
#achtzig	a hx t s i k 
#m	m 
#drei	d r ay 
#und	u n 
#achtzig	a hx t s i k 
#m	m i 
#drei	d r ay 
#und	u n 
#achtzig	a hx t s i k 
#m	e m 
#drei	d r ay 
#und	n t 
#achtzig	a hx t s i k 
#m	m 
#drei	d r ay 
#und	n t 
#achtzig	a hx t s i k 
#m	m i 
#drei	d r ay 
#und	n t 
#achtzig	a hx t s i k 
#m	e m 
#drei	d r ay 
#und	ax n 
#achtzig	a hx t s i k 
#m	m 
#drei	d r ay 
#und	ax n 
#achtzig	a hx t s i k 
#m	m i 
#drei	d r ay 
#und	ax n 
#achtzig	a hx t s i k 
#m	e m 
#drei	d r ay 
#und	ax n t 
#achtzig	a hx t s i k 
#m	m 
#drei	d r ay 
#und	ax n t 
#achtzig	a hx t s i k 
#m	m i 
#drei	d r ay 
#und	ax n t 
#achtzig	a hx t s i k 
#m	e m 
#drei	d r ay 
#und	u n t 
#achtzig	a hx t t s i hc 
#m	m 
#drei	d r ay 
#und	u n t 
#achtzig	a hx t t s i hc 
#m	m i 
#drei	d r ay 
#und	u n t 
#achtzig	a hx t t s i hc 
#m	e m 
#drei	d r ay 
#und	u n 
#achtzig	a hx t t s i hc 
#m	m 
#drei	d r ay 
#und	u n 
#achtzig	a hx t t s i hc 
#m	m i 
#drei	d r ay 
#und	u n 
#achtzig	a hx t t s i hc 
#m	e m 
#drei	d r ay 
#und	n t 
#achtzig	a hx t t s i hc 
#m	m 
#drei	d r ay 
#und	n t 
#achtzig	a hx t t s i hc 
#m	m i 
#drei	d r ay 
#und	n t 
#achtzig	a hx t t s i hc 
#m	e m 
#drei	d r ay 
#und	ax n 
#achtzig	a hx t t s i hc 
#m	m 
#drei	d r ay 
#und	ax n 
#achtzig	a hx t t s i hc 
#m	m i 
#drei	d r ay 
#und	ax n 
#achtzig	a hx t t s i hc 
#m	e m 
#drei	d r ay 
#und	ax n t 
#achtzig	a hx t t s i hc 
#m	m 
#drei	d r ay 
#und	ax n t 
#achtzig	a hx t t s i hc 
#m	m i 
#drei	d r ay 
#und	ax n t 
#achtzig	a hx t t s i hc 
#m	e m 
#drei	d r ay 
#und	u n t 
#achtzig	a hx t t s i k 
#m	m 
#drei	d r ay 
#und	u n t 
#achtzig	a hx t t s i k 
#m	m i 
#drei	d r ay 
#und	u n t 
#achtzig	a hx t t s i k 
#m	e m 
#drei	d r ay 
#und	u n 
#achtzig	a hx t t s i k 
#m	m 
#drei	d r ay 
#und	u n 
#achtzig	a hx t t s i k 
#m	m i 
#drei	d r ay 
#und	u n 
#achtzig	a hx t t s i k 
#m	e m 
#drei	d r ay 
#und	n t 
#achtzig	a hx t t s i k 
#m	m 
#drei	d r ay 
#und	n t 
#achtzig	a hx t t s i k 
#m	m i 
#drei	d r ay 
#und	n t 
#achtzig	a hx t t s i k 
#m	e m 
#drei	d r ay 
#und	ax n 
#achtzig	a hx t t s i k 
#m	m 
#drei	d r ay 
#und	ax n 
#achtzig	a hx t t s i k 
#m	m i 
#drei	d r ay 
#und	ax n 
#achtzig	a hx t t s i k 
#m	e m 
#drei	d r ay 
#und	ax n t 
#achtzig	a hx t t s i k 
#m	m 
#drei	d r ay 
#und	ax n t 
#achtzig	a hx t t s i k 
#m	m i 
#drei	d r ay 
#und	ax n t 
#achtzig	a hx t t s i k 
#mitski	m i t s k ii 
#monsta	m o n sh t aa 
#x	i k s 
#monsta	m o n sh t aa 
#x	e k s 
#nct	e n t s ee t ee 
#ein	ay n 
#hundert	hh u n d axr t 
#sieben	z ii b ax n 
#und	u n t 
#zwanzig	t s v a n t s i hc 
#nct	e n t s ee t ee 
#ein	a ii n 
#hundert	hh u n d axr t 
#sieben	z ii b ax n 
#und	u n t 
#zwanzig	t s v a n t s i hc 
#nct	e n t s ee t ee 
#ein	a j n 
#hundert	hh u n d axr t 
#sieben	z ii b ax n 
#und	u n t 
#zwanzig	t s v a n t s i hc 
#nct	e n t s ee t ee 
#ein	a i n 
#hundert	hh u n d axr t 
#sieben	z ii b ax n 
#und	u n t 
#zwanzig	t s v a n t s i hc 
#nct	e n t s ee t ee 
#ein	e j n 
#hundert	hh u n d axr t 
#sieben	z ii b ax n 
#und	u n t 
#zwanzig	t s v a n t s i hc 
#nct	e n t s ee t ee 
#ein	ax i n 
#hundert	hh u n d axr t 
#sieben	z ii b ax n 
#und	u n t 
#zwanzig	t s v a n t s i hc 
#nct	e n t s ee t ee 
#ein	n 
#hundert	hh u n d axr t 
#sieben	z ii b ax n 
#und	u n t 
#zwanzig	t s v a n t s i hc 
#nct	e n t s ee t ee 
#ein	ay n 
#hundert	u n d axr t 
#sieben	z ii b ax n 
#und	u n t 
#zwanzig	t s v a n t s i hc 
#nct	e n t s ee t ee 
#ein	a ii n 
#hundert	u n d axr t 
#sieben	z ii b ax n 
#und	u n t 
#zwanzig	t s v a n t s i hc 
#nct	e n t s ee t ee 
#ein	a j n 
#hundert	u n d axr t 
#sieben	z ii b ax n 
#und	u n t 
#zwanzig	t s v a n t s i hc 
#nct	e n t s ee t ee 
#ein	a i n 
#hundert	u n d axr t 
#sieben	z ii b ax n 
#und	u n t 
#zwanzig	t s v a n t s i hc 
#nct	e n t s ee t ee 
#ein	e j n 
#hundert	u n d axr t 
#sieben	z ii b ax n 
#und	u n t 
#zwanzig	t s v a n t s i hc 
#nct	e n t s ee t ee 
#ein	ax i n 
#hundert	u n d axr t 
#sieben	z ii b ax n 
#und	u n t 
#zwanzig	t s v a n t s i hc 
#nct	e n t s ee t ee 
#ein	n 
#hundert	u n d axr t 
#sieben	z ii b ax n 
#und	u n t 
#zwanzig	t s v a n t s i hc 
#nct	e n t s ee t ee 
#ein	ay n 
#hundert	hh u n d axr 
#sieben	z ii b ax n 
#und	u n t 
#zwanzig	t s v a n t s i hc 
#nct	e n t s ee t ee 
#ein	a ii n 
#hundert	hh u n d axr 
#sieben	z ii b ax n 
#und	u n t 
#zwanzig	t s v a n t s i hc 
#nct	e n t s ee t ee 
#ein	a j n 
#hundert	hh u n d axr 
#sieben	z ii b ax n 
#und	u n t 
#zwanzig	t s v a n t s i hc 
#nct	e n t s ee t ee 
#ein	a i n 
#hundert	hh u n d axr 
#sieben	z ii b ax n 
#und	u n t 
#zwanzig	t s v a n t s i hc 
#nct	e n t s ee t ee 
#ein	e j n 
#hundert	hh u n d axr 
#sieben	z ii b ax n 
#und	u n t 
#zwanzig	t s v a n t s i hc 
#nct	e n t s ee t ee 
#ein	ax i n 
#hundert	hh u n d axr 
#sieben	z ii b ax n 
#und	u n t 
#zwanzig	t s v a n t s i hc 
#nct	e n t s ee t ee 
#ein	n 
#hundert	hh u n d axr 
#sieben	z ii b ax n 
#und	u n t 
#zwanzig	t s v a n t s i hc 
#nct	e n t s ee t ee 
#ein	ay n 
#hundert	hh u n d axr t 
#sieben	z ii b m 
#und	u n t 
#zwanzig	t s v a n t s i hc 
#nct	e n t s ee t ee 
#ein	a ii n 
#hundert	hh u n d axr t 
#sieben	z ii b m 
#und	u n t 
#zwanzig	t s v a n t s i hc 
#nct	e n t s ee t ee 
#ein	a j n 
#hundert	hh u n d axr t 
#sieben	z ii b m 
#und	u n t 
#zwanzig	t s v a n t s i hc 
#nct	e n t s ee t ee 
#ein	a i n 
#hundert	hh u n d axr t 
#sieben	z ii b m 
#und	u n t 
#zwanzig	t s v a n t s i hc 
#nct	e n t s ee t ee 
#ein	e j n 
#hundert	hh u n d axr t 
#sieben	z ii b m 
#und	u n t 
#zwanzig	t s v a n t s i hc 
#nct	e n t s ee t ee 
#ein	ax i n 
#hundert	hh u n d axr t 
#sieben	z ii b m 
#und	u n t 
#zwanzig	t s v a n t s i hc 
#nct	e n t s ee t ee 
#ein	n 
#hundert	hh u n d axr t 
#sieben	z ii b m 
#und	u n t 
#zwanzig	t s v a n t s i hc 
#nct	e n t s ee t ee 
#ein	ay n 
#hundert	u n d axr t 
#sieben	z ii b m 
#und	u n t 
#zwanzig	t s v a n t s i hc 
#nct	e n t s ee t ee 
#ein	a ii n 
#hundert	u n d axr t 
#sieben	z ii b m 
#und	u n t 
#zwanzig	t s v a n t s i hc 
#nct	e n t s ee t ee 
#ein	a j n 
#hundert	u n d axr t 
#sieben	z ii b m 
#und	u n t 
#zwanzig	t s v a n t s i hc 
#nct	e n t s ee t ee 
#ein	a i n 
#hundert	u n d axr t 
#sieben	z ii b m 
#und	u n t 
#zwanzig	t s v a n t s i hc 
#nct	e n t s ee t ee 
#ein	e j n 
#hundert	u n d axr t 
#sieben	z ii b m 
#und	u n t 
#zwanzig	t s v a n t s i hc 
#nct	e n t s ee t ee 
#ein	ax i n 
#hundert	u n d axr t 
#sieben	z ii b m 
#und	u n t 
#zwanzig	t s v a n t s i hc 
#nct	e n t s ee t ee 
#ein	n 
#hundert	u n d axr t 
#sieben	z ii b m 
#und	u n t 
#zwanzig	t s v a n t s i hc 
#nct	e n t s ee t ee 
#ein	ay n 
#hundert	hh u n d axr 
#sieben	z ii b m 
#und	u n t 
#zwanzig	t s v a n t s i hc 
#nct	e n t s ee t ee 
#ein	a ii n 
#hundert	hh u n d axr 
#sieben	z ii b m 
#und	u n t 
#zwanzig	t s v a n t s i hc 
#nct	e n t s ee t ee 
#ein	a j n 
#hundert	hh u n d axr 
#sieben	z ii b m 
#und	u n t 
#zwanzig	t s v a n t s i hc 
#nct	e n t s ee t ee 
#ein	a i n 
#hundert	hh u n d axr 
#sieben	z ii b m 
#und	u n t 
#zwanzig	t s v a n t s i hc 
#nct	e n t s ee t ee 
#ein	e j n 
#hundert	hh u n d axr 
#sieben	z ii b m 
#und	u n t 
#zwanzig	t s v a n t s i hc 
#nct	e n t s ee t ee 
#ein	ax i n 
#hundert	hh u n d axr 
#sieben	z ii b m 
#und	u n t 
#zwanzig	t s v a n t s i hc 
#nct	e n t s ee t ee 
#ein	n 
#hundert	hh u n d axr 
#sieben	z ii b m 
#und	u n t 
#zwanzig	t s v a n t s i hc 
#nct	e n t s ee t ee 
#ein	ay n 
#hundert	hh u n d axr t 
#sieben	z ii m 
#und	u n t 
#zwanzig	t s v a n t s i hc 
#nct	e n t s ee t ee 
#ein	a ii n 
#hundert	hh u n d axr t 
#sieben	z ii m 
#und	u n t 
#zwanzig	t s v a n t s i hc 
#nct	e n t s ee t ee 
#ein	a j n 
#hundert	hh u n d axr t 
#sieben	z ii m 
#und	u n t 
#zwanzig	t s v a n t s i hc 
#nct	e n t s ee t ee 
#ein	a i n 
#hundert	hh u n d axr t 
#sieben	z ii m 
#und	u n t 
#zwanzig	t s v a n t s i hc 
#nct	e n t s ee t ee 
#ein	e j n 
#hundert	hh u n d axr t 
#sieben	z ii m 
#und	u n t 
#zwanzig	t s v a n t s i hc 
#nct	e n t s ee t ee 
#ein	ax i n 
#hundert	hh u n d axr t 
#sieben	z ii m 
#und	u n t 
#zwanzig	t s v a n t s i hc 
#nct	e n t s ee t ee 
#ein	n 
#hundert	hh u n d axr t 
#sieben	z ii m 
#und	u n t 
#zwanzig	t s v a n t s i hc 
#nct	e n t s ee t ee 
#ein	ay n 
#hundert	u n d axr t 
#sieben	z ii m 
#und	u n t 
#zwanzig	t s v a n t s i hc 
#nct	e n t s ee t ee 
#ein	a ii n 
#hundert	u n d axr t 
#sieben	z ii m 
#und	u n t 
#zwanzig	t s v a n t s i hc 
#nct	e n t s ee t ee 
#ein	a j n 
#hundert	u n d axr t 
#sieben	z ii m 
#und	u n t 
#zwanzig	t s v a n t s i hc 
#nct	e n t s ee t ee 
#ein	a i n 
#hundert	u n d axr t 
#sieben	z ii m 
#und	u n t 
#zwanzig	t s v a n t s i hc 
#nct	e n t s ee t ee 
#ein	e j n 
#hundert	u n d axr t 
#sieben	z ii m 
#und	u n t 
#zwanzig	t s v a n t s i hc 
#nct	e n t s ee t ee 
#ein	ax i n 
#hundert	u n d axr t 
#sieben	z ii m 
#und	u n t 
#zwanzig	t s v a n t s i hc 
#nct	e n t s ee t ee 
#ein	n 
#hundert	u n d axr t 
#sieben	z ii m 
#und	u n t 
#zwanzig	t s v a n t s i hc 
#nct	e n t s ee t ee 
#ein	ay n 
#hundert	hh u n d axr 
#sieben	z ii m 
#und	u n t 
#zwanzig	t s v a n t s i hc 
#nct	e n t s ee t ee 
#ein	a ii n 
#hundert	hh u n d axr 
#sieben	z ii m 
#und	u n t 
#zwanzig	t s v a n t s i hc 
#nct	e n t s ee t ee 
#ein	a j n 
#hundert	hh u n d axr 
#sieben	z ii m 
#und	u n t 
#zwanzig	t s v a n t s i hc 
#nct	e n t s ee t ee 
#ein	a i n 
#hundert	hh u n d axr 
#sieben	z ii m 
#und	u n t 
#zwanzig	t s v a n t s i hc 
#nct	e n t s ee t ee 
#ein	e j n 
#hundert	hh u n d axr 
#sieben	z ii m 
#und	u n t 
#zwanzig	t s v a n t s i hc 
#nct	e n t s ee t ee 
#ein	ax i n 
#hundert	hh u n d axr 
#sieben	z ii m 
#und	u n t 
#zwanzig	t s v a n t s i hc 
#nct	e n t s ee t ee 
#ein	n 
#hundert	hh u n d axr 
#sieben	z ii m 
#und	u n t 
#zwanzig	t s v a n t s i hc 
#nct	e n t s ee t ee 
#ein	ay n 
#hundert	hh u n d axr t 
#sieben	s ii b m 
#und	u n t 
#zwanzig	t s v a n t s i hc 
#nct	e n t s ee t ee 
#ein	a ii n 
#hundert	hh u n d axr t 
#sieben	s ii b m 
#und	u n t 
#zwanzig	t s v a n t s i hc 
#nct	e n t s ee t ee 
#ein	a j n 
#hundert	hh u n d axr t 
#sieben	s ii b m 
#und	u n t 
#zwanzig	t s v a n t s i hc 
#nct	e n t s ee t ee 
#ein	a i n 
#hundert	hh u n d axr t 
#sieben	s ii b m 
#und	u n t 
#zwanzig	t s v a n t s i hc 
#nct	e n t s ee t ee 
#ein	e j n 
#hundert	hh u n d axr t 
#sieben	s ii b m 
#und	u n t 
#zwanzig	t s v a n t s i hc 
#nct	e n t s ee t ee 
#ein	ax i n 
#hundert	hh u n d axr t 
#sieben	s ii b m 
#und	u n t 
#zwanzig	t s v a n t s i hc 
#nct	e n t s ee t ee 
#ein	n 
#hundert	hh u n d axr t 
#sieben	s ii b m 
#und	u n t 
#zwanzig	t s v a n t s i hc 
#nct	e n t s ee t ee 
#ein	ay n 
#hundert	u n d axr t 
#sieben	s ii b m 
#und	u n t 
#zwanzig	t s v a n t s i hc 
#nct	e n t s ee t ee 
#ein	a ii n 
#hundert	u n d axr t 
#sieben	s ii b m 
#und	u n t 
#zwanzig	t s v a n t s i hc 
#nct	e n t s ee t ee 
#ein	a j n 
#hundert	u n d axr t 
#sieben	s ii b m 
#und	u n t 
#zwanzig	t s v a n t s i hc 
#nct	e n t s ee t ee 
#ein	a i n 
#hundert	u n d axr t 
#sieben	s ii b m 
#und	u n t 
#zwanzig	t s v a n t s i hc 
#nct	e n t s ee t ee 
#ein	e j n 
#hundert	u n d axr t 
#sieben	s ii b m 
#und	u n t 
#zwanzig	t s v a n t s i hc 
#nct	e n t s ee t ee 
#ein	ax i n 
#hundert	u n d axr t 
#sieben	s ii b m 
#und	u n t 
#zwanzig	t s v a n t s i hc 
#nct	e n t s ee t ee 
#ein	n 
#hundert	u n d axr t 
#sieben	s ii b m 
#und	u n t 
#zwanzig	t s v a n t s i hc 
#nct	e n t s ee t ee 
#ein	ay n 
#hundert	hh u n d axr 
#sieben	s ii b m 
#und	u n t 
#zwanzig	t s v a n t s i hc 
#nct	e n t s ee t ee 
#ein	a ii n 
#hundert	hh u n d axr 
#sieben	s ii b m 
#und	u n t 
#zwanzig	t s v a n t s i hc 
#nct	e n t s ee t ee 
#ein	a j n 
#hundert	hh u n d axr 
#sieben	s ii b m 
#und	u n t 
#zwanzig	t s v a n t s i hc 
#nct	e n t s ee t ee 
#ein	a i n 
#hundert	hh u n d axr 
#sieben	s ii b m 
#und	u n t 
#zwanzig	t s v a n t s i hc 
#nct	e n t s ee t ee 
#ein	e j n 
#hundert	hh u n d axr 
#sieben	s ii b m 
#und	u n t 
#zwanzig	t s v a n t s i hc 
#nct	e n t s ee t ee 
#ein	ax i n 
#hundert	hh u n d axr 
#sieben	s ii b m 
#und	u n t 
#zwanzig	t s v a n t s i hc 
#nct	e n t s ee t ee 
#ein	n 
#hundert	hh u n d axr 
#sieben	s ii b m 
#und	u n t 
#zwanzig	t s v a n t s i hc 
#nct	e n t s ee t ee 
#ein	ay n 
#hundert	hh u n d axr t 
#sieben	s ii m 
#und	u n t 
#zwanzig	t s v a n t s i hc 
#nct	e n t s ee t ee 
#ein	a ii n 
#hundert	hh u n d axr t 
#sieben	s ii m 
#und	u n t 
#zwanzig	t s v a n t s i hc 
#nct	e n t s ee t ee 
#ein	a j n 
#hundert	hh u n d axr t 
#sieben	s ii m 
#und	u n t 
#zwanzig	t s v a n t s i hc 
#nct	e n t s ee t ee 
#ein	a i n 
#hundert	hh u n d axr t 
#sieben	s ii m 
#und	u n t 
#zwanzig	t s v a n t s i hc 
#nct	e n t s ee t ee 
#ein	e j n 
#hundert	hh u n d axr t 
#sieben	s ii m 
#und	u n t 
#zwanzig	t s v a n t s i hc 
#nct	e n t s ee t ee 
#ein	ax i n 
#hundert	hh u n d axr t 
#sieben	s ii m 
#und	u n t 
#zwanzig	t s v a n t s i hc 
#nct	e n t s ee t ee 
#ein	n 
#hundert	hh u n d axr t 
#sieben	s ii m 
#und	u n t 
#zwanzig	t s v a n t s i hc 
#nct	e n t s ee t ee 
#ein	ay n 
#hundert	u n d axr t 
#sieben	s ii m 
#und	u n t 
#zwanzig	t s v a n t s i hc 
#nct	e n t s ee t ee 
#ein	a ii n 
#hundert	u n d axr t 
#sieben	s ii m 
#und	u n t 
#zwanzig	t s v a n t s i hc 
#nct	e n t s ee t ee 
#ein	a j n 
#hundert	u n d axr t 
#sieben	s ii m 
#und	u n t 
#zwanzig	t s v a n t s i hc 
#nct	e n t s ee t ee 
#ein	a i n 
#hundert	u n d axr t 
#sieben	s ii m 
#und	u n t 
#zwanzig	t s v a n t s i hc 
#nct	e n t s ee t ee 
#ein	e j n 
#hundert	u n d axr t 
#sieben	s ii m 
#und	u n t 
#zwanzig	t s v a n t s i hc 
#nct	e n t s ee t ee 
#ein	ax i n 
#hundert	u n d axr t 
#sieben	s ii m 
#und	u n t 
#zwanzig	t s v a n t s i hc 
#nct	e n t s ee t ee 
#ein	n 
#hundert	u n d axr t 
#sieben	s ii m 
#und	u n t 
#zwanzig	t s v a n t s i hc 
#nct	e n t s ee t ee 
#ein	ay n 
#hundert	hh u n d axr 
#sieben	s ii m 
#und	u n t 
#zwanzig	t s v a n t s i hc 
#nct	e n t s ee t ee 
#ein	a ii n 
#hundert	hh u n d axr 
#sieben	s ii m 
#und	u n t 
#zwanzig	t s v a n t s i hc 
#primer	p r ii m axr 
#dia	d ii aa 
#primer	p r ii m axr 
#dia	d ii a 
#sandro	z a n d r o 
#cavazza	k a v a t s t s aa 
#davido	d aa v ii d oo 
#deorro	d ee o r oo 
#got	g oo t 
#sieben	z ii b ax n 
#got	g a t 
#sieben	z ii b ax n 
#got	g oo uu 
#sieben	z ii b ax n 
#got	g ax t 
#sieben	z ii b ax n 
#got	g aa t 
#sieben	z ii b ax n 
#got	g oo t 
#sieben	z ii b m 
#got	g a t 
#sieben	z ii b m 
#got	g oo uu 
#sieben	z ii b m 
#got	g ax t 
#sieben	z ii b m 
#got	g aa t 
#sieben	z ii b m 
#got	g oo t 
#sieben	z ii m 
#got	g a t 
#sieben	z ii m 
#got	g oo uu 
#sieben	z ii m 
#got	g ax t 
#sieben	z ii m 
#got	g aa t 
#sieben	z ii m 
#got	g oo t 
#sieben	s ii b m 
#got	g a t 
#sieben	s ii b m 
#got	g oo uu 
#sieben	s ii b m 
#got	g ax t 
#sieben	s ii b m 
#got	g aa t 
#sieben	s ii b m 
#got	g oo t 
#sieben	s ii m 
#got	g a t 
#sieben	s ii m 
#got	g oo uu 
#sieben	s ii m 
#got	g ax t 
#sieben	s ii m 
#got	g aa t 
#sieben	s ii m 
#got	g oo t 
#sieben	s i m 
#got	g a t 
#sieben	s i m 
#got	g oo uu 
#sieben	s i m 
#got	g ax t 
#sieben	s i m 
#got	g aa t 
#sieben	s i m 
#got	g oo t 
#sieben	z i m 
#got	g a t 
#sieben	z i m 
#got	g oo uu 
#sieben	z i m 
#got	g ax t 
#sieben	z i m 
#got	g aa t 
#sieben	z i m 
#léon	l oo n 
#moti	m oo t ii 
#nevve	n e v v ax 
#novo	n o v oo 
#amor	aa m oo xr 
#novo	n o v oo 
#amor	aa m o xr 
#sabaton	z a b a t oo n 
#valerie	v a l ee r j ax 
#broussard	b r oo u s a xr t 
#valerie	v a l axr ii 
#broussard	b r oo u s a xr t 
#valerie	v a l e r ii 
#broussard	b r oo u s a xr t 
#valerie	v a l a r ii 
#broussard	b r oo u s a xr t 
#andrea	a n d r e a 
#bocelli	b oo s e l ii 
#andrea	a n d r ee a 
#bocelli	b oo s e l ii 
#andrea	a n d r ee aa 
#bocelli	b oo s e l ii 
#axwell	a k s v e l 
#ingrosso	i n g r oo s oo 
#francesca	f r a n t sh e s k a 
#battistelli	b a t i s t e l ii 
#galimatias	g a l ii m a t ii a s 
#jay	d zh ee 
#chou	k u 
#jay	d zh ee j 
#chou	k u 
#jay	d zh e j 
#chou	k u 
#jay	d zh ay 
#chou	k u 
#jay	zh e i 
#chou	k u 
#jay	d zh ee ii 
#chou	k u 
#jay	zh e j 
#chou	k u 
#jay	d zh e i 
#chou	k u 
#jay	zh ee ii 
#chou	k u 
#jay	d zh e ii 
#chou	k u 
#jay	zh e ii 
#chou	k u 
#jay	t sh e j 
#chou	k u 
#jay	t sh ee 
#chou	k u 
#kasbo	k a s b oo 
#lea	l ee a 
#salonga	z a l oo ng aa 
#lea	l ii 
#salonga	z a l oo ng aa 
#lea	l ee j a 
#salonga	z a l oo ng aa 
#lea	l i j a 
#salonga	z a l oo ng aa 
#lykke	l ii k ax 
#li	l ii 
#mamamoo	m a m a m oo oo 
#micro	m ii k r oo 
#tdh	t ee d ee hh aa 
#pyotr	p uue o t xr 
#ilyich	i l j i hc 
#tchaikovsky	t hx a ii k o f s k ii 
#pyotr	p uue o t xr 
#ilyich	i l j i hc 
#tchaikovsky	t sh ay k o f s k ii 
#shy	sh hh ue 
#martin	m a r t en 
#shy	sh ay 
#martin	m a r t en 
#shy	sh hh ue 
#martin	m a r t i n 
#shy	sh ay 
#martin	m a r t i n 
#shy	sh hh ue 
#martin	m a r t j i n 
#shy	sh ay 
#martin	m a r t j i n 
#shy	sh hh ue 
#martin	m a xr t i n 
#shy	sh ay 
#martin	m a xr t i n 
#shy	sh hh ue 
#martin	m a xr t ii n 
#shy	sh ay 
#martin	m a xr t ii n 
#shy	sh hh ue 
#martin	m aa t i n 
#shy	sh ay 
#martin	m aa t i n 
#shy	sh hh ue 
#martin	m aa r t ii n 
#shy	sh ay 
#martin	m aa r t ii n 
#shy	sh hh ue 
#martin	m a r t ii n 
#shy	sh ay 
#martin	m a r t ii n 
#shy	sh hh ue 
#martin	m aa r t i n 
#shy	sh ay 
#martin	m aa r t i n 
#swum	s v u m 
#tove	t oo v ax 
#styrke	sh t ue xr k ax 
#yiruma	j ii r uu m aa 
#ólafur	l a f uu xr 
#arnalds	aa xr n aa l t s 
#alexandre	a l e k s an d r 
#desplat	d e s p l aa t 
#alexandre	a l e k s an d r e 
#desplat	d e s p l aa t 
#alexandre	a l e k s an d r ax 
#desplat	d e s p l aa t 
#antonio	a n t o n j o 
#vivaldi	v ii v aa l d ii 
#antonio	a n t oo n j o 
#vivaldi	v ii v aa l d ii 
#antonio	ax n t o u n ii o u 
#vivaldi	v ii v aa l d ii 
#antonio	ax n t o u n ii oo u 
#vivaldi	v ii v aa l d ii 
#arijit	a r ii j ii t 
#singh	z i ng 
#dangelo	d a ng g ax l oo 
#iu	i uu 
#krono	k r oo n oo 
#looî	l oo 
#î	
#nitti	n i ii 
#gritti	g r i ii 
#snoh	s n oo 
#aalegra	aa l e g r aa 
#hikaru	hh i k a r uu 
#utada	uu t aa d aa 
#zwei	t s v ay 
#cellos	t sh e l oo s 
#zwei	t s v oo 
#cellos	t sh e l oo s 
#zwei	t s v ay 
#cellos	t sh e l o s 
#zwei	t s v oo 
#cellos	t sh e l o s 
#zwei	t s v ay 
#cellos	t sh ee l o s 
#zwei	t s v oo 
#cellos	t sh ee l o s 
#ateez	a t ee t s 
#dario	d aa xr j o 
#marianelli	m a r ii a n e l ii 
#die	d ii 
#antwoord	a n t v oo xr t 
#die	d i 
#antwoord	a n t v oo xr t 
#die	d ax 
#antwoord	a n t v oo xr t 
#die	d ii f 
#antwoord	a n t v oo xr t 
#ennio	e n ii oo 
#morricone	m o r ii k oo n 
#erik	ee r i k 
#satie	z a t ii 
#erik	e r i k 
#satie	z a t ii 
#erik	ee r i hc 
#satie	z a t ii 
#gaullin	g aw l i n 
#martin	m a r t en 
#solveig	z o l f ay k 
#martin	m a r t i n 
#solveig	z o l f ay k 
#martin	m a r t j i n 
#solveig	z o l f ay k 
#martin	m a xr t i n 
#solveig	z o l f ay k 
#martin	m a xr t ii n 
#solveig	z o l f ay k 
#martin	m aa t i n 
#solveig	z o l f ay k 
#martin	m aa r t ii n 
#solveig	z o l f ay k 
#martin	m a r t ii n 
#solveig	z o l f ay k 
#martin	m aa r t i n 
#solveig	z o l f ay k 
#martin	m a r t en 
#solveig	z o u l f ax k 
#martin	m a r t i n 
#solveig	z o u l f ax k 
#martin	m a r t j i n 
#solveig	z o u l f ax k 
#martin	m a xr t i n 
#solveig	z o u l f ax k 
#martin	m a xr t ii n 
#solveig	z o u l f ax k 
#martin	m aa t i n 
#solveig	z o u l f ax k 
#martin	m aa r t ii n 
#solveig	z o u l f ax k 
#martin	m a r t ii n 
#solveig	z o u l f ax k 
#martin	m aa r t i n 
#solveig	z o u l f ax k 
#nct	e n t s ee t ee 
#opetaia	oo p ee t a ii aa 
#foai	f oo aa ay 
#taemin	t ee m i n 
#yuna	j uu n aa 
#bertholet	b ax xr t oo l ax t 
#eevee	ee ee f ee 
#fujitsu	f uu j i t s uu 
#gigi	g ii g ii 
#dagostino	d a g o s t ii n oo 
#gojira	g oo j ii r aa 
#jean	zh ii n 
#michel	m i hc ax l 
#blais	b l aa ay s 
#jean	zh an 
#michel	m i hc ax l 
#blais	b l aa ay s 
#jean	zh ee n 
#michel	m i hc ax l 
#blais	b l aa ay s 
#jean	zh oo 
#michel	m i hc ax l 
#blais	b l aa ay s 
#jean	d zh i n 
#michel	m i hc ax l 
#blais	b l aa ay s 
#jean	d zh ii n 
#michel	m i hc ax l 
#blais	b l aa ay s 
#jean	t sh oo n 
#michel	m i hc ax l 
#blais	b l aa ay s 
#jean	d zh oo n 
#michel	m i hc ax l 
#blais	b l aa ay s 
#jean	zh oo n 
#michel	m i hc ax l 
#blais	b l aa ay s 
#jean	sh oo n 
#michel	m i hc ax l 
#blais	b l aa ay s 
#jean	zh ii n 
#michel	m i hc l 
#blais	b l aa ay s 
#jean	zh an 
#michel	m i hc l 
#blais	b l aa ay s 
#jean	zh ee n 
#michel	m i hc l 
#blais	b l aa ay s 
#jean	zh oo 
#michel	m i hc l 
#blais	b l aa ay s 
#jean	d zh i n 
#michel	m i hc l 
#blais	b l aa ay s 
#jean	d zh ii n 
#michel	m i hc l 
#blais	b l aa ay s 
#jean	t sh oo n 
#michel	m i hc l 
#blais	b l aa ay s 
#jean	d zh oo n 
#michel	m i hc l 
#blais	b l aa ay s 
#jean	zh oo n 
#michel	m i hc l 
#blais	b l aa ay s 
#jean	sh oo n 
#michel	m i hc l 
#blais	b l aa ay s 
#jean	zh ii n 
#michel	m i sh e l 
#blais	b l aa ay s 
#jean	zh an 
#michel	m i sh e l 
#blais	b l aa ay s 
#jean	zh ee n 
#michel	m i sh e l 
#blais	b l aa ay s 
#jean	zh oo 
#michel	m i sh e l 
#blais	b l aa ay s 
#jean	d zh i n 
#michel	m i sh e l 
#blais	b l aa ay s 
#jean	d zh ii n 
#michel	m i sh e l 
#blais	b l aa ay s 
#jean	t sh oo n 
#michel	m i sh e l 
#blais	b l aa ay s 
#jean	d zh oo n 
#michel	m i sh e l 
#blais	b l aa ay s 
#jean	zh oo n 
#michel	m i sh e l 
#blais	b l aa ay s 
#jean	sh oo n 
#michel	m i sh e l 
#blais	b l aa ay s 
#jóhann	j hh a n 
#jóhannsson	j hh a n n s s oo n 
#nujabes	n uu j aa b ax s 
#stromae	sh t r oo m e 
#stromae	s t r oo m ay 
#stromae	s t r oo m e 
#tanishk	t aa n ii s hh k 
#bagchi	b a g k ii 
#casanova	k a z a n oo v aa 
#exid	e k s i t 
#bsd	b ee e s d ee 
#u	u 
#bsd	b ee e s d ee 
#u	j uu 
#bsd	b ee e s d ee 
#u	uu 
#alok	a l oo k 
#camille	k a m i j 
#saint	z ay n t 
#saëns	z a n s 
#camille	k a m i l 
#saint	z ay n t 
#saëns	z a n s 
#camille	k a m ii l 
#saint	z ay n t 
#saëns	z a n s 
#camille	k a m i j 
#saint	s e j n t 
#saëns	z a n s 
#camille	k a m i l 
#saint	s e j n t 
#saëns	z a n s 
#camille	k a m ii l 
#saint	s e j n t 
#saëns	z a n s 
#camille	k a m i j 
#saint	s a n 
#saëns	z a n s 
#camille	k a m i l 
#saint	s a n 
#saëns	z a n s 
#camille	k a m ii l 
#saint	s a n 
#saëns	z a n s 
#fabrizio	f a b r i t s ii j oo 
#paterlini	p a t axr l ii n ii 
#fabrizio	f a b r i t s j oo 
#paterlini	p a t axr l ii n ii 
#fabrizio	f a b r ii t s ii j oo 
#paterlini	p a t axr l ii n ii 
#ina	i n a 
#wroldsen	v r o l t s ax n 
#ina	ii n a 
#wroldsen	v r o l t s ax n 
#lang	l a ng 
#lang	l a ng 
#lang	l aa ng 
#lang	l a ng 
#lang	l ax ng 
#lang	l a ng 
#lang	l e ng 
#lang	l a ng 
#lang	l a ng 
#lang	l aa ng 
#lang	l aa ng 
#lang	l aa ng 
#lang	l ax ng 
#lang	l aa ng 
#lang	l e ng 
#lang	l aa ng 
#lang	l a ng 
#lang	l ax ng 
#lang	l aa ng 
#lang	l ax ng 
#lang	l ax ng 
#lang	l ax ng 
#lang	l e ng 
#lang	l ax ng 
#lang	l a ng 
#lang	l e ng 
#lang	l aa ng 
#lang	l e ng 
#lang	l ax ng 
#lang	l e ng 
#lang	l e ng 
#lang	l e ng 
#maurice	m o r i s 
#ravel	r aa v ax l 
#maurice	m o r ii s 
#ravel	r aa v ax l 
#maurice	m oo r ii s 
#ravel	r aa v ax l 
#mélanie	m l aa n ii 
#laurent	l aw r e n t 
#mélanie	m l aa n ii 
#laurent	l o r an 
#mélanie	m l aa n ii 
#laurent	l oo r an 
#mélanie	m l aa n ii 
#laurent	l o r ax n t 
#mélanie	m l aa n ii 
#laurent	l oo r 
#sofia	s oo f ii a 
#karlberg	k a xr l b e xr k 
#sofia	z oo f ii a 
#karlberg	k a xr l b e xr k 
#sofia	z o f ii aa 
#karlberg	k a xr l b e xr k 
#sofia	z oo f ii aa 
#karlberg	k a xr l b e xr k 
#sofia	s o f ii aa 
#karlberg	k a xr l b e xr k 
#sofia	z o f ii a 
#karlberg	k a xr l b e xr k 
#tchami	t hx aa m ii 
#yann	j a n 
#tiersen	t ii xr z ax n 
#yann	j aa n 
#tiersen	t ii xr z ax n 
#yann	j a n 
#tiersen	t i r s ax n 
#yann	j aa n 
#tiersen	t i r s ax n 
#antonín	a n t oo n n 
#dvorák	d f o xr k 
#benny	b e n i 
#benassi	b ax n a s ii 
#benny	b e n ii 
#benassi	b ax n a s ii 
#benny	b ax n ii 
#benassi	b ax n a s ii 
#bhupen	p uu p ax n 
#chhadva	k hh aa t v aa 
#chic	sh i k 
#chic	t sh i k 
#chic	sh ii k 
#clara	k l a r a 
#mae	m e 
#clara	k l aa r a 
#mae	m e 
#clara	k l aa r ax 
#mae	m e 
#clara	k l a r a 
#mae	m e ii 
#clara	k l aa r a 
#mae	m e ii 
#clara	k l aa r ax 
#mae	m e ii 
#clara	k l a r a 
#mae	m e j 
#clara	k l aa r a 
#mae	m e j 
#clara	k l aa r ax 
#mae	m e j 
#clara	k l a r a 
#mae	m a i 
#clara	k l aa r a 
#mae	m a i 
#clara	k l aa r ax 
#mae	m a i 
#clara	k l a r a 
#mae	m a ii 
#clara	k l aa r a 
#mae	m a ii 
#clara	k l aa r ax 
#mae	m a ii 
#clara	k l a r a 
#mae	m e i 
#clara	k l aa r a 
#mae	m e i 
#clara	k l aa r ax 
#mae	m e i 
#clara	k l a r a 
#mae	m ay 
#clara	k l aa r a 
#mae	m ay 
#clara	k l aa r ax 
#mae	m ay 
#clara	k l a r a 
#mae	m aa ii 
#clara	k l aa r a 
#mae	m aa ii 
#clara	k l aa r ax 
#mae	m aa ii 
#clara	k l a r a 
#mae	m ee ii 
#clara	k l aa r a 
#mae	m ee ii 
#clara	k l aa r ax 
#mae	m ee ii 
#clc	t s ee e l t s ee 
#daigoro	d ii g oo r oo 
#sieben	z ii b ax n 
#hundert	hh u n d axr t 
#neun	n oy n 
#und	u n t 
#achtzig	a hx t s i hc 
#daigoro	d ii g oo r oo 
#sieben	z ii b m 
#hundert	hh u n d axr t 
#neun	n oy n 
#und	u n t 
#achtzig	a hx t s i hc 
#daigoro	d ii g oo r oo 
#sieben	z ii m 
#hundert	hh u n d axr t 
#neun	n oy n 
#und	u n t 
#achtzig	a hx t s i hc 
#daigoro	d ii g oo r oo 
#sieben	s ii b m 
#hundert	hh u n d axr t 
#neun	n oy n 
#und	u n t 
#achtzig	a hx t s i hc 
#daigoro	d ii g oo r oo 
#sieben	s ii m 
#hundert	hh u n d axr t 
#neun	n oy n 
#und	u n t 
#achtzig	a hx t s i hc 
#daigoro	d ii g oo r oo 
#sieben	s i m 
#hundert	hh u n d axr t 
#neun	n oy n 
#und	u n t 
#achtzig	a hx t s i hc 
#daigoro	d ii g oo r oo 
#sieben	z i m 
#hundert	hh u n d axr t 
#neun	n oy n 
#und	u n t 
#achtzig	a hx t s i hc 
#daigoro	d ii g oo r oo 
#sieben	z ii b ax n 
#hundert	u n d axr t 
#neun	n oy n 
#und	u n t 
#achtzig	a hx t s i hc 
#daigoro	d ii g oo r oo 
#sieben	z ii b m 
#hundert	u n d axr t 
#neun	n oy n 
#und	u n t 
#achtzig	a hx t s i hc 
#daigoro	d ii g oo r oo 
#sieben	z ii m 
#hundert	u n d axr t 
#neun	n oy n 
#und	u n t 
#achtzig	a hx t s i hc 
#daigoro	d ii g oo r oo 
#sieben	s ii b m 
#hundert	u n d axr t 
#neun	n oy n 
#und	u n t 
#achtzig	a hx t s i hc 
#daigoro	d ii g oo r oo 
#sieben	s ii m 
#hundert	u n d axr t 
#neun	n oy n 
#und	u n t 
#achtzig	a hx t s i hc 
#daigoro	d ii g oo r oo 
#sieben	s i m 
#hundert	u n d axr t 
#neun	n oy n 
#und	u n t 
#achtzig	a hx t s i hc 
#daigoro	d ii g oo r oo 
#sieben	z i m 
#hundert	u n d axr t 
#neun	n oy n 
#und	u n t 
#achtzig	a hx t s i hc 
#daigoro	d ii g oo r oo 
#sieben	z ii b ax n 
#hundert	hh u n d axr 
#neun	n oy n 
#und	u n t 
#achtzig	a hx t s i hc 
#daigoro	d ii g oo r oo 
#sieben	z ii b m 
#hundert	hh u n d axr 
#neun	n oy n 
#und	u n t 
#achtzig	a hx t s i hc 
#daigoro	d ii g oo r oo 
#sieben	z ii m 
#hundert	hh u n d axr 
#neun	n oy n 
#und	u n t 
#achtzig	a hx t s i hc 
#daigoro	d ii g oo r oo 
#sieben	s ii b m 
#hundert	hh u n d axr 
#neun	n oy n 
#und	u n t 
#achtzig	a hx t s i hc 
#daigoro	d ii g oo r oo 
#sieben	s ii m 
#hundert	hh u n d axr 
#neun	n oy n 
#und	u n t 
#achtzig	a hx t s i hc 
#daigoro	d ii g oo r oo 
#sieben	s i m 
#hundert	hh u n d axr 
#neun	n oy n 
#und	u n t 
#achtzig	a hx t s i hc 
#daigoro	d ii g oo r oo 
#sieben	z i m 
#hundert	hh u n d axr 
#neun	n oy n 
#und	u n t 
#achtzig	a hx t s i hc 
#daigoro	d ii g oo r oo 
#sieben	z ii b ax n 
#hundert	hh u n d axr t 
#neun	n oy n ax 
#und	u n t 
#achtzig	a hx t s i hc 
#daigoro	d ii g oo r oo 
#sieben	z ii b m 
#hundert	hh u n d axr t 
#neun	n oy n ax 
#und	u n t 
#achtzig	a hx t s i hc 
#daigoro	d ii g oo r oo 
#sieben	z ii m 
#hundert	hh u n d axr t 
#neun	n oy n ax 
#und	u n t 
#achtzig	a hx t s i hc 
#daigoro	d ii g oo r oo 
#sieben	s ii b m 
#hundert	hh u n d axr t 
#neun	n oy n ax 
#und	u n t 
#achtzig	a hx t s i hc 
#daigoro	d ii g oo r oo 
#sieben	s ii m 
#hundert	hh u n d axr t 
#neun	n oy n ax 
#und	u n t 
#achtzig	a hx t s i hc 
#daigoro	d ii g oo r oo 
#sieben	s i m 
#hundert	hh u n d axr t 
#neun	n oy n ax 
#und	u n t 
#achtzig	a hx t s i hc 
#daigoro	d ii g oo r oo 
#sieben	z i m 
#hundert	hh u n d axr t 
#neun	n oy n ax 
#und	u n t 
#achtzig	a hx t s i hc 
#daigoro	d ii g oo r oo 
#sieben	z ii b ax n 
#hundert	u n d axr t 
#neun	n oy n ax 
#und	u n t 
#achtzig	a hx t s i hc 
#daigoro	d ii g oo r oo 
#sieben	z ii b m 
#hundert	u n d axr t 
#neun	n oy n ax 
#und	u n t 
#achtzig	a hx t s i hc 
#daigoro	d ii g oo r oo 
#sieben	z ii m 
#hundert	u n d axr t 
#neun	n oy n ax 
#und	u n t 
#achtzig	a hx t s i hc 
#daigoro	d ii g oo r oo 
#sieben	s ii b m 
#hundert	u n d axr t 
#neun	n oy n ax 
#und	u n t 
#achtzig	a hx t s i hc 
#daigoro	d ii g oo r oo 
#sieben	s ii m 
#hundert	u n d axr t 
#neun	n oy n ax 
#und	u n t 
#achtzig	a hx t s i hc 
#daigoro	d ii g oo r oo 
#sieben	s i m 
#hundert	u n d axr t 
#neun	n oy n ax 
#und	u n t 
#achtzig	a hx t s i hc 
#daigoro	d ii g oo r oo 
#sieben	z i m 
#hundert	u n d axr t 
#neun	n oy n ax 
#und	u n t 
#achtzig	a hx t s i hc 
#daigoro	d ii g oo r oo 
#sieben	z ii b ax n 
#hundert	hh u n d axr 
#neun	n oy n ax 
#und	u n t 
#achtzig	a hx t s i hc 
#daigoro	d ii g oo r oo 
#sieben	z ii b m 
#hundert	hh u n d axr 
#neun	n oy n ax 
#und	u n t 
#achtzig	a hx t s i hc 
#daigoro	d ii g oo r oo 
#sieben	z ii m 
#hundert	hh u n d axr 
#neun	n oy n ax 
#und	u n t 
#achtzig	a hx t s i hc 
#daigoro	d ii g oo r oo 
#sieben	s ii b m 
#hundert	hh u n d axr 
#neun	n oy n ax 
#und	u n t 
#achtzig	a hx t s i hc 
#daigoro	d ii g oo r oo 
#sieben	s ii m 
#hundert	hh u n d axr 
#neun	n oy n ax 
#und	u n t 
#achtzig	a hx t s i hc 
#daigoro	d ii g oo r oo 
#sieben	s i m 
#hundert	hh u n d axr 
#neun	n oy n ax 
#und	u n t 
#achtzig	a hx t s i hc 
#daigoro	d ii g oo r oo 
#sieben	z i m 
#hundert	hh u n d axr 
#neun	n oy n ax 
#und	u n t 
#achtzig	a hx t s i hc 
#daigoro	d ii g oo r oo 
#sieben	z ii b ax n 
#hundert	hh u n d axr t 
#neun	n oy n 
#und	u n 
#achtzig	a hx t s i hc 
#daigoro	d ii g oo r oo 
#sieben	z ii b m 
#hundert	hh u n d axr t 
#neun	n oy n 
#und	u n 
#achtzig	a hx t s i hc 
#daigoro	d ii g oo r oo 
#sieben	z ii m 
#hundert	hh u n d axr t 
#neun	n oy n 
#und	u n 
#achtzig	a hx t s i hc 
#daigoro	d ii g oo r oo 
#sieben	s ii b m 
#hundert	hh u n d axr t 
#neun	n oy n 
#und	u n 
#achtzig	a hx t s i hc 
#daigoro	d ii g oo r oo 
#sieben	s ii m 
#hundert	hh u n d axr t 
#neun	n oy n 
#und	u n 
#achtzig	a hx t s i hc 
#daigoro	d ii g oo r oo 
#sieben	s i m 
#hundert	hh u n d axr t 
#neun	n oy n 
#und	u n 
#achtzig	a hx t s i hc 
#daigoro	d ii g oo r oo 
#sieben	z i m 
#hundert	hh u n d axr t 
#neun	n oy n 
#und	u n 
#achtzig	a hx t s i hc 
#daigoro	d ii g oo r oo 
#sieben	z ii b ax n 
#hundert	u n d axr t 
#neun	n oy n 
#und	u n 
#achtzig	a hx t s i hc 
#daigoro	d ii g oo r oo 
#sieben	z ii b m 
#hundert	u n d axr t 
#neun	n oy n 
#und	u n 
#achtzig	a hx t s i hc 
#daigoro	d ii g oo r oo 
#sieben	z ii m 
#hundert	u n d axr t 
#neun	n oy n 
#und	u n 
#achtzig	a hx t s i hc 
#daigoro	d ii g oo r oo 
#sieben	s ii b m 
#hundert	u n d axr t 
#neun	n oy n 
#und	u n 
#achtzig	a hx t s i hc 
#daigoro	d ii g oo r oo 
#sieben	s ii m 
#hundert	u n d axr t 
#neun	n oy n 
#und	u n 
#achtzig	a hx t s i hc 
#daigoro	d ii g oo r oo 
#sieben	s i m 
#hundert	u n d axr t 
#neun	n oy n 
#und	u n 
#achtzig	a hx t s i hc 
#daigoro	d ii g oo r oo 
#sieben	z i m 
#hundert	u n d axr t 
#neun	n oy n 
#und	u n 
#achtzig	a hx t s i hc 
#daigoro	d ii g oo r oo 
#sieben	z ii b ax n 
#hundert	hh u n d axr 
#neun	n oy n 
#und	u n 
#achtzig	a hx t s i hc 
#daigoro	d ii g oo r oo 
#sieben	z ii b m 
#hundert	hh u n d axr 
#neun	n oy n 
#und	u n 
#achtzig	a hx t s i hc 
#daigoro	d ii g oo r oo 
#sieben	z ii m 
#hundert	hh u n d axr 
#neun	n oy n 
#und	u n 
#achtzig	a hx t s i hc 
#daigoro	d ii g oo r oo 
#sieben	s ii b m 
#hundert	hh u n d axr 
#neun	n oy n 
#und	u n 
#achtzig	a hx t s i hc 
#daigoro	d ii g oo r oo 
#sieben	s ii m 
#hundert	hh u n d axr 
#neun	n oy n 
#und	u n 
#achtzig	a hx t s i hc 
#daigoro	d ii g oo r oo 
#sieben	s i m 
#hundert	hh u n d axr 
#neun	n oy n 
#und	u n 
#achtzig	a hx t s i hc 
#daigoro	d ii g oo r oo 
#sieben	z i m 
#hundert	hh u n d axr 
#neun	n oy n 
#und	u n 
#achtzig	a hx t s i hc 
#daigoro	d ii g oo r oo 
#sieben	z ii b ax n 
#hundert	hh u n d axr t 
#neun	n oy n ax 
#und	u n 
#achtzig	a hx t s i hc 
#daigoro	d ii g oo r oo 
#sieben	z ii b m 
#hundert	hh u n d axr t 
#neun	n oy n ax 
#und	u n 
#achtzig	a hx t s i hc 
#daigoro	d ii g oo r oo 
#sieben	z ii m 
#hundert	hh u n d axr t 
#neun	n oy n ax 
#und	u n 
#achtzig	a hx t s i hc 
#daigoro	d ii g oo r oo 
#sieben	s ii b m 
#hundert	hh u n d axr t 
#neun	n oy n ax 
#und	u n 
#achtzig	a hx t s i hc 
#daigoro	d ii g oo r oo 
#sieben	s ii m 
#hundert	hh u n d axr t 
#neun	n oy n ax 
#und	u n 
#achtzig	a hx t s i hc 
#daigoro	d ii g oo r oo 
#sieben	s i m 
#hundert	hh u n d axr t 
#neun	n oy n ax 
#und	u n 
#achtzig	a hx t s i hc 
#daigoro	d ii g oo r oo 
#sieben	z i m 
#hundert	hh u n d axr t 
#neun	n oy n ax 
#und	u n 
#achtzig	a hx t s i hc 
#daigoro	d ii g oo r oo 
#sieben	z ii b ax n 
#hundert	u n d axr t 
#neun	n oy n ax 
#und	u n 
#achtzig	a hx t s i hc 
#daigoro	d ii g oo r oo 
#sieben	z ii b m 
#hundert	u n d axr t 
#neun	n oy n ax 
#und	u n 
#achtzig	a hx t s i hc 
#daigoro	d ii g oo r oo 
#sieben	z ii m 
#hundert	u n d axr t 
#neun	n oy n ax 
#und	u n 
#achtzig	a hx t s i hc 
#daigoro	d ii g oo r oo 
#sieben	s ii b m 
#hundert	u n d axr t 
#neun	n oy n ax 
#und	u n 
#achtzig	a hx t s i hc 
#daigoro	d ii g oo r oo 
#sieben	s ii m 
#hundert	u n d axr t 
#neun	n oy n ax 
#und	u n 
#achtzig	a hx t s i hc 
#daigoro	d ii g oo r oo 
#sieben	s i m 
#hundert	u n d axr t 
#neun	n oy n ax 
#und	u n 
#achtzig	a hx t s i hc 
#daigoro	d ii g oo r oo 
#sieben	z i m 
#hundert	u n d axr t 
#neun	n oy n ax 
#und	u n 
#achtzig	a hx t s i hc 
#daigoro	d ii g oo r oo 
#sieben	z ii b ax n 
#hundert	hh u n d axr 
#neun	n oy n ax 
#und	u n 
#achtzig	a hx t s i hc 
#daigoro	d ii g oo r oo 
#sieben	z ii b m 
#hundert	hh u n d axr 
#neun	n oy n ax 
#und	u n 
#achtzig	a hx t s i hc 
#daigoro	d ii g oo r oo 
#sieben	z ii m 
#hundert	hh u n d axr 
#neun	n oy n ax 
#und	u n 
#achtzig	a hx t s i hc 
#daigoro	d ii g oo r oo 
#sieben	s ii b m 
#hundert	hh u n d axr 
#neun	n oy n ax 
#und	u n 
#achtzig	a hx t s i hc 
#daigoro	d ii g oo r oo 
#sieben	s ii m 
#hundert	hh u n d axr 
#neun	n oy n ax 
#und	u n 
#achtzig	a hx t s i hc 
#daigoro	d ii g oo r oo 
#sieben	s i m 
#hundert	hh u n d axr 
#neun	n oy n ax 
#und	u n 
#achtzig	a hx t s i hc 
#daigoro	d ii g oo r oo 
#sieben	z i m 
#hundert	hh u n d axr 
#neun	n oy n ax 
#und	u n 
#achtzig	a hx t s i hc 
#daigoro	d ii g oo r oo 
#sieben	z ii b ax n 
#hundert	hh u n d axr t 
#neun	n oy n 
#und	n t 
#achtzig	a hx t s i hc 
#daigoro	d ii g oo r oo 
#sieben	z ii b m 
#hundert	hh u n d axr t 
#neun	n oy n 
#und	n t 
#achtzig	a hx t s i hc 
#daigoro	d ii g oo r oo 
#sieben	z ii m 
#hundert	hh u n d axr t 
#neun	n oy n 
#und	n t 
#achtzig	a hx t s i hc 
#daigoro	d ii g oo r oo 
#sieben	s ii b m 
#hundert	hh u n d axr t 
#neun	n oy n 
#und	n t 
#achtzig	a hx t s i hc 
#daigoro	d ii g oo r oo 
#sieben	s ii m 
#hundert	hh u n d axr t 
#neun	n oy n 
#und	n t 
#achtzig	a hx t s i hc 
#daigoro	d ii g oo r oo 
#sieben	s i m 
#hundert	hh u n d axr t 
#neun	n oy n 
#und	n t 
#achtzig	a hx t s i hc 
#daigoro	d ii g oo r oo 
#sieben	z i m 
#hundert	hh u n d axr t 
#neun	n oy n 
#und	n t 
#achtzig	a hx t s i hc 
#daigoro	d ii g oo r oo 
#sieben	z ii b ax n 
#hundert	u n d axr t 
#neun	n oy n 
#und	n t 
#achtzig	a hx t s i hc 
#daigoro	d ii g oo r oo 
#sieben	z ii b m 
#hundert	u n d axr t 
#neun	n oy n 
#und	n t 
#achtzig	a hx t s i hc 
#daigoro	d ii g oo r oo 
#sieben	z ii m 
#hundert	u n d axr t 
#neun	n oy n 
#und	n t 
#achtzig	a hx t s i hc 
#daigoro	d ii g oo r oo 
#sieben	s ii b m 
#hundert	u n d axr t 
#neun	n oy n 
#und	n t 
#achtzig	a hx t s i hc 
#daigoro	d ii g oo r oo 
#sieben	s ii m 
#hundert	u n d axr t 
#neun	n oy n 
#und	n t 
#achtzig	a hx t s i hc 
#daigoro	d ii g oo r oo 
#sieben	s i m 
#hundert	u n d axr t 
#neun	n oy n 
#und	n t 
#achtzig	a hx t s i hc 
#daigoro	d ii g oo r oo 
#sieben	z i m 
#hundert	u n d axr t 
#neun	n oy n 
#und	n t 
#achtzig	a hx t s i hc 
#daigoro	d ii g oo r oo 
#sieben	z ii b ax n 
#hundert	hh u n d axr 
#neun	n oy n 
#und	n t 
#achtzig	a hx t s i hc 
#daigoro	d ii g oo r oo 
#sieben	z ii b m 
#hundert	hh u n d axr 
#neun	n oy n 
#und	n t 
#achtzig	a hx t s i hc 
#dmitry	d m i t r ii 
#evgrafov	e f g r aa f oo f 
#edvard	e t f a xr t 
#grieg	g r ii k 
#jj	j o t j o t 
#lin	l i n 
#jj	d zh ee d zh ee 
#lin	l i n 
#jj	zh e j zh e j 
#lin	l i n 
#joão	zh o u oo 
#gilberto	g i l b axr t oo 
#joão	zh oo a o 
#gilberto	g i l b axr t oo 
#joão	zh oo a oo 
#gilberto	g i l b axr t oo 
#joão	zh o u oo 
#gilberto	d zh i l b e r t oo 
#joão	zh oo a o 
#gilberto	d zh i l b e r t oo 
#joão	zh oo a oo 
#gilberto	d zh i l b e r t oo 
#joão	zh o u oo 
#gilberto	zh i l b e r t oo 
#joão	zh oo a o 
#gilberto	zh i l b e r t oo 
#joão	zh oo a oo 
#gilberto	zh i l b e r t oo 
#joão	zh o u oo 
#gilberto	g i l b e xr t oo 
#joão	zh oo a o 
#gilberto	g i l b e xr t oo 
#joão	zh oo a oo 
#gilberto	g i l b e xr t oo 
#joão	zh o u oo 
#gilberto	zh ii b e r t oo 
#joão	zh oo a o 
#gilberto	zh ii b e r t oo 
#joão	zh oo a oo 
#gilberto	zh ii b e r t oo 
#la	l aa 
#roux	r uu 
#la	l a 
#roux	r uu 
#la	e l aa 
#roux	r uu 
#la	e l ee i 
#roux	r uu 
#la	e l e j 
#roux	r uu 
#la	l ax 
#roux	r uu 
#nego	n ee g oo 
#do	d oo 
#borel	b oo r ax l 
#nego	n ee g oo 
#do	d uu 
#borel	b oo r ax l 
#nego	n ee g oo 
#do	d oo uu 
#borel	b oo r ax l 
#nego	n ee g oo 
#do	d o u 
#borel	b oo r ax l 
#nego	n ee g oo 
#do	d o uu 
#borel	b oo r ax l 
#nora	n o r a 
#en	e n 
#pure	p uu r ax 
#nora	n oo r a 
#en	e n 
#pure	p uu r ax 
#nora	n oo r ax 
#en	e n 
#pure	p uu r ax 
#nora	n uu r a 
#en	e n 
#pure	p uu r ax 
#nora	n o r aa 
#en	e n 
#pure	p uu r ax 
#nora	n oo r aa 
#en	e n 
#pure	p uu r ax 
#nora	n o r a 
#en	i n 
#pure	p uu r ax 
#nora	n oo r a 
#en	i n 
#pure	p uu r ax 
#nora	n oo r ax 
#en	i n 
#pure	p uu r ax 
#nora	n uu r a 
#en	i n 
#pure	p uu r ax 
#nora	n o r aa 
#en	i n 
#pure	p uu r ax 
#nora	n oo r aa 
#en	i n 
#pure	p uu r ax 
#nora	n o r a 
#en	e n 
#pure	p ax 
#nora	n oo r a 
#en	e n 
#pure	p ax 
#nora	n oo r ax 
#en	e n 
#pure	p ax 
#nora	n uu r a 
#en	e n 
#pure	p ax 
#nora	n o r aa 
#en	e n 
#pure	p ax 
#nora	n oo r aa 
#en	e n 
#pure	p ax 
#nora	n o r a 
#en	i n 
#pure	p ax 
#nora	n oo r a 
#en	i n 
#pure	p ax 
#nora	n oo r ax 
#en	i n 
#pure	p ax 
#nora	n uu r a 
#en	i n 
#pure	p ax 
#nora	n o r aa 
#en	i n 
#pure	p ax 
#nora	n oo r aa 
#en	i n 
#pure	p ax 
#nora	n o r a 
#en	e n 
#pure	p axr 
#nora	n oo r a 
#en	e n 
#pure	p axr 
#nora	n oo r ax 
#en	e n 
#pure	p axr 
#nora	n uu r a 
#en	e n 
#pure	p axr 
#nora	n o r aa 
#en	e n 
#pure	p axr 
#nora	n oo r aa 
#en	e n 
#pure	p axr 
#nora	n o r a 
#en	i n 
#pure	p axr 
#nora	n oo r a 
#en	i n 
#pure	p axr 
#nora	n oo r ax 
#en	i n 
#pure	p axr 
#nora	n uu r a 
#en	i n 
#pure	p axr 
#nora	n o r aa 
#en	i n 
#pure	p axr 
#nora	n oo r aa 
#en	i n 
#pure	p axr 
#nora	n o r a 
#en	e n 
#pure	p j u xr 
#nora	n oo r a 
#en	e n 
#pure	p j u xr 
#nora	n oo r ax 
#en	e n 
#pure	p j u xr 
#nora	n uu r a 
#en	e n 
#pure	p j u xr 
#nora	n o r aa 
#en	e n 
#pure	p j u xr 
#nora	n oo r aa 
#en	e n 
#pure	p j u xr 
#nora	n o r a 
#en	i n 
#pure	p j u xr 
#nora	n oo r a 
#en	i n 
#pure	p j u xr 
#nora	n oo r ax 
#en	i n 
#pure	p j u xr 
#nora	n uu r a 
#en	i n 
#pure	p j u xr 
#nora	n o r aa 
#en	i n 
#pure	p j u xr 
#nora	n oo r aa 
#en	i n 
#pure	p j u xr 
#nora	n o r a 
#en	e n 
#pure	p j u r 
#nora	n oo r a 
#en	e n 
#pure	p j u r 
#nora	n oo r ax 
#en	e n 
#pure	p j u r 
#nora	n uu r a 
#en	e n 
#pure	p j u r 
#nora	n o r aa 
#en	e n 
#pure	p j u r 
#nora	n oo r aa 
#en	e n 
#pure	p j u r 
#nora	n o r a 
#en	i n 
#pure	p j u r 
#nora	n oo r a 
#en	i n 
#pure	p j u r 
#nora	n oo r ax 
#en	i n 
#pure	p j u r 
#nora	n uu r a 
#en	i n 
#pure	p j u r 
#nora	n o r aa 
#en	i n 
#pure	p j u r 
#nora	n oo r aa 
#en	i n 
#pure	p j u r 
#nora	n o r a 
#en	e n 
#pure	p e xr 
#nora	n oo r a 
#en	e n 
#pure	p e xr 
#nora	n oo r ax 
#en	e n 
#pure	p e xr 
#nora	n uu r a 
#en	e n 
#pure	p e xr 
#nora	n o r aa 
#en	e n 
#pure	p e xr 
#nora	n oo r aa 
#en	e n 
#pure	p e xr 
#nora	n o r a 
#en	i n 
#pure	p e xr 
#nora	n oo r a 
#en	i n 
#pure	p e xr 
#nora	n oo r ax 
#en	i n 
#pure	p e xr 
#nora	n uu r a 
#en	i n 
#pure	p e xr 
#nora	n o r aa 
#en	i n 
#pure	p e xr 
#nora	n oo r aa 
#en	i n 
#pure	p e xr 
#piotr	p j oo t r 
#miteska	m ii t ax s k aa 
#saib	z ay p 
#sebastian	s e b a s t j a n 
#ingrosso	i n g r oo s oo 
#sebastian	z e b a s t j a n 
#ingrosso	i n g r oo s oo 
#sergei	z e xr g ay 
#rachmaninoff	r a hx m aa n ii n o f 
#shinigami	sh hh ii n ii hc a m ii 
#sigur	z ii g uu xr 
#rós	xr s 
#stellan	sh t e l aa n 
#skarsgård	s k aa xr s g xr t 
#yanni	j a n ii 
#zion	t s ii o n 
#t	t ee 
#zion	t s ii o n 
#t	t ii 
#zohara	t s oo hh a r aa 
#ninho	n i n hh oo 
#alma	a l m aa 
#alma	aa l m ax 
#alma	a l m ax 
#asian	a z ii aa n 
#kung	k u ng 
#fu	f uu 
#generation	g ee n ax r a t s j oo n 
#camila	k aa m ii l aa 
#mendes	m e n d ax s 
#camila	k aa m ii l aa 
#mendes	m e n d e z 
#caroline	k a r o l i n 
#hjelt	hh j ax l t 
#caroline	k a r o l ii n ax 
#hjelt	hh j ax l t 
#caroline	k ax r ax l a i n 
#hjelt	hh j ax l t 
#caroline	k a r o l aa ii n 
#hjelt	hh j ax l t 
#caroline	k a r o l ay n 
#hjelt	hh j ax l t 
#caroline	k a r o l ii n 
#hjelt	hh j ax l t 
#caroline	k e xr ax l a i n 
#hjelt	hh j ax l t 
#caroline	k e r ax l a i n 
#hjelt	hh j ax l t 
#caroline	k a r ax l a i n 
#hjelt	hh j ax l t 
#caroline	k a r ax l aa ii n 
#hjelt	hh j ax l t 
#caroline	k a r ax l a ii n 
#hjelt	hh j ax l t 
#caroline	k a r ax l ay n 
#hjelt	hh j ax l t 
#caroline	k e r ax l aa ii n 
#hjelt	hh j ax l t 
#caroline	k e r ax l a ii n 
#hjelt	hh j ax l t 
#caroline	k e r ax l ay n 
#hjelt	hh j ax l t 
#caroline	k e xr ax l a ii n 
#hjelt	hh j ax l t 
#caroline	k e xr ax l ay n 
#hjelt	hh j ax l t 
#caroline	k a xr oo l ii n ax 
#hjelt	hh j ax l t 
#caroline	k aa xr oo l ii n ax 
#hjelt	hh j ax l t 
#caroline	k a r oo l ii n ax 
#hjelt	hh j ax l t 
#cazzette	k a t s e t ax 
#claudio	k l aa u d j o 
#abbado	a p b aa d oo 
#claudio	k l aw d j o 
#abbado	a p b aa d oo 
#fedde	f e d ii 
#le	l ee 
#grand	g r a n t 
#fedde	f e t 
#le	l ee 
#grand	g r a n t 
#fedde	f e d ii 
#le	l ax 
#grand	g r a n t 
#fedde	f e t 
#le	l ax 
#grand	g r a n t 
#fedde	f e d ii 
#le	l ee 
#grand	g r e n t 
#fedde	f e t 
#le	l ee 
#grand	g r e n t 
#fedde	f e d ii 
#le	l ax 
#grand	g r e n t 
#fedde	f e t 
#le	l ax 
#grand	g r e n t 
#fedde	f e d ii 
#le	l ee 
#grand	g r e n d 
#fedde	f e t 
#le	l ee 
#grand	g r e n d 
#fedde	f e d ii 
#le	l ax 
#grand	g r e n d 
#fedde	f e t 
#le	l ax 
#grand	g r e n d 
#fedde	f e d ii 
#le	l ee 
#grand	g xr e n t 
#fedde	f e t 
#le	l ee 
#grand	g xr e n t 
#fedde	f e d ii 
#le	l ax 
#grand	g xr e n t 
#fedde	f e t 
#le	l ax 
#grand	g xr e n t 
#fedde	f e d ii 
#le	l ee 
#grand	g r on 
#fedde	f e t 
#le	l ee 
#grand	g r on 
#fedde	f e d ii 
#le	l ax 
#grand	g r on 
#fedde	f e t 
#le	l ax 
#grand	g r on 
#fedde	f e d ii 
#le	l ee 
#grand	k r on 
#fedde	f e t 
#le	l ee 
#grand	k r on 
#fedde	f e d ii 
#le	l ax 
#grand	k r on 
#fedde	f e t 
#le	l ax 
#grand	k r on 
#fedde	f e d ii 
#le	l ee 
#grand	g r an 
#fedde	f e t 
#le	l ee 
#grand	g r an 
#fedde	f e d ii 
#le	l ax 
#grand	g r an 
#fedde	f e t 
#le	l ax 
#grand	g r an 
#gabriel	g a b r i e l 
#fauré	f aw r 
#gabriel	g aa b r i ax l 
#fauré	f aw r 
#gabriel	g aa b r i e l 
#fauré	f aw r 
#gabriel	g aa b r i ee l 
#fauré	f aw r 
#gabriel	g aa b r j ee l 
#fauré	f aw r 
#gabriel	g e i b r i ax l 
#fauré	f aw r 
#gabriel	g aa b r ii e l 
#fauré	f aw r 
#gabriel	g a b r ii e l 
#fauré	f aw r 
#gabriel	g a b r ii l 
#fauré	f aw r 
#gabriel	g a b xr ii e l 
#fauré	f aw r 
#gabriel	g e b r ii l 
#fauré	f aw r 
#gabriel	g e b xr ii l 
#fauré	f aw r 
#gabriel	g ee ii b r ii ax l 
#fauré	f aw r 
#gabriel	g ee ii b xr ii ax l 
#fauré	f aw r 
#gabriel	g e i b r ii ax l 
#fauré	f aw r 
#gabriel	g e i b xr ii ax l 
#fauré	f aw r 
#gabriel	g e ii b r ii ax l 
#fauré	f aw r 
#gabriel	g e ii b xr ii ax l 
#fauré	f aw r 
#gabriel	g e j b r ii ax l 
#fauré	f aw r 
#gabriel	g e j b xr ii ax l 
#fauré	f aw r 
#hyuna	hh ue u n aa 
#kenshi	k e n s hh ii 
#yonezu	uue oo n ax t s uu 
#kucka	k u k aa 
#lemaitre	l ee m i t r ax 
#lo	l oo 
#mimieux	m ii m ii eeu oy k s 
#luciano	l uu t s ii a n oo 
#pavarotti	p a v a r o ii 
#maître	m a t r ax 
#gims	g i m s 
#mousa	m uu z aa 
#maroufi	m a r oo uu f ii 
#mt	e m t ee 
#fujitive	f uu j ii t ii v ax 
#olivia	o l ii v j aa 
#foai	f oo aa ay 
#olivia	o u l i v i ax 
#foai	f oo aa ay 
#olivia	oo uu l i v ii ax 
#foai	f oo aa ay 
#olivia	o uu l i v ii ax 
#foai	f oo aa ay 
#olivia	oo uu l ii v ii ax 
#foai	f oo aa ay 
#olivia	o uu l ii v ii ax 
#foai	f oo aa ay 
#olivia	o u l ii v ii ax 
#foai	f oo aa ay 
#olivia	o u l i v ii ax 
#foai	f oo aa ay 
#phum	f u m 
#viphurit	v i f uu r ii t 
#röyksopp	r oe ue k s o p p 
#sigrí	z ii g xr 
#ur	uu xr 
#taeyang	t e j a ng 
#aziz	a t s ii t s 
#ansari	a n z aa r i 
#aziz	a z ii z 
#ansari	a n z aa r i 
#aziz	a s ii z 
#ansari	a n z aa r i 
#aziz	ax z ii s 
#ansari	a n z aa r i 
#aziz	ax s i s 
#ansari	a n z aa r i 
#aziz	ax z i s 
#ansari	a n z aa r i 
#aziz	a z ii s 
#ansari	a n z aa r i 
#era	e r aa 
#istrefi	i s t r e f ii 
#eros	ee r o s 
#ramazzotti	r a m a t s o ii 
#fushou	f u s oo u 
#giacomo	zh aa k o m o 
#puccini	p u k t s ii n ii 
#giacomo	d zh ii a k oo m oo 
#puccini	p u k t s ii n ii 
#giacomo	zh ii a k o m oo 
#puccini	p u k t s ii n ii 
#giacomo	d zh ii a k o m oo 
#puccini	p u k t s ii n ii 
#joe	zh o u 
#hisaishi	hh i s a ii s ii 
#joe	d zh oo 
#hisaishi	hh i s a ii s ii 
#joe	d zh oo ii 
#hisaishi	hh i s a ii s ii 
#joe	zh oo uu 
#hisaishi	hh i s a ii s ii 
#joe	d zh oo uu 
#hisaishi	hh i s a ii s ii 
#joe	zh o uu 
#hisaishi	hh i s a ii s ii 
#joe	d zh o u 
#hisaishi	hh i s a ii s ii 
#joe	d zh o uu 
#hisaishi	hh i s a ii s ii 
#joe	t sh oo u 
#hisaishi	hh i s a ii s ii 
#joe	d zh oo u 
#hisaishi	hh i s a ii s ii 
#joe	t sh o u 
#hisaishi	hh i s a ii s ii 
#latium	l a t ii u m 
#león	l ee e n 
#larregui	l aa r ee g uu ii 
#marcin	m a r t sh i n 
#przybylowicz	p xr t s uue b uue l oo v i k t s 
#marcin	m a r t s i n 
#przybylowicz	p xr t s uue b uue l oo v i k t s 
#marcin	m a r t sh ii n 
#przybylowicz	p xr t s uue b uue l oo v i k t s 
#marcin	m aa s i n 
#przybylowicz	p xr t s uue b uue l oo v i k t s 
#marcin	m aa s ii n 
#przybylowicz	p xr t s uue b uue l oo v i k t s 
#marcin	m a xr t sh i n 
#przybylowicz	p xr t s uue b uue l oo v i k t s 
#marcin	m a xr d zh ii n 
#przybylowicz	p xr t s uue b uue l oo v i k t s 
#ouse	uu z ax 
#protoje	p r oo t oo j ax 
#raphael	r a f a e l 
#saadiq	z a d i k 
#raphael	r a f a ee l 
#saadiq	z a d i k 
#rude	r uu d ax 
#seungri	z ax oy ng g r ii 
#sophia	z o f ii a 
#somajo	z oo m aa j oo 
#sophia	z oo f ii a 
#somajo	z oo m aa j oo 
#sophia	s oo f ii aa 
#somajo	z oo m aa j oo 
#sophia	s o f ii a 
#somajo	z oo m aa j oo 
#sophia	z oo f ii aa 
#somajo	z oo m aa j oo 
#steve	s t ii v 
#angello	a n ax l l oo 
#steve	s t e f 
#angello	a n ax l l oo 
#steve	s t i v 
#angello	a n ax l l oo 
#steve	s t i f 
#angello	a n ax l l oo 
#steve	s t ii f 
#angello	a n ax l l oo 
#steve	s t e v 
#angello	a n ax l l oo 
#tk	t ee k a 
#from	f r o m 
#ling	l i ng 
#tosite	t oo z ii t ax 
#sigure	z ii g uu r ax 
#tk	t ii k e j 
#from	f r o m 
#ling	l i ng 
#tosite	t oo z ii t ax 
#sigure	z ii g uu r ax 
#tk	t ee k a 
#from	f e xr m 
#ling	l i ng 
#tosite	t oo z ii t ax 
#sigure	z ii g uu r ax 
#tk	t ii k e j 
#from	f e xr m 
#ling	l i ng 
#tosite	t oo z ii t ax 
#sigure	z ii g uu r ax 
#tk	t ee k a 
#from	f r aa m 
#ling	l i ng 
#tosite	t oo z ii t ax 
#sigure	z ii g uu r ax 
#tk	t ii k e j 
#from	f r aa m 
#ling	l i ng 
#tosite	t oo z ii t ax 
#sigure	z ii g uu r ax 
#tk	t ee k a 
#from	f r a m 
#ling	l i ng 
#tosite	t oo z ii t ax 
#sigure	z ii g uu r ax 
#tk	t ii k e j 
#from	f r a m 
#ling	l i ng 
#tosite	t oo z ii t ax 
#sigure	z ii g uu r ax 
#tk	t ee k a 
#from	f xr a m 
#ling	l i ng 
#tosite	t oo z ii t ax 
#sigure	z ii g uu r ax 
#tk	t ii k e j 
#from	f xr a m 
#ling	l i ng 
#tosite	t oo z ii t ax 
#sigure	z ii g uu r ax 
#zibra	t s ii b r aa 
#inguzu	i ng g uu t s uu 
